"OrdemFisica";"Sigla";"Letra";"NomeVisivel";"NomeTecnico";"HostId";"SelementId";"XAntes";"YAntes";"XDepois";"YDepois";"OcupanteAtualDoSlot";"AlterarPosicao"
"1";"ABT";"A";"TEL-GTW-VHF_ABT_ControlOne";"TEL-GTW-VHF_ABT_ControlOne";"19963";"10448";"301";"51";"301";"51";"ABT";"False"
"2";"ACL";"A";"TEL-GTW-VHF_ACL_ControlOne";"TEL-GTW-VHF_ACL_ControlOne";"12201";"671";"501";"51";"501";"51";"ACL";"False"
"3";"ANA";"A";"TEL-GTW-VHF_ANA_ControlOne";"TEL-GTW-VHF_ANA_ControlOne";"12200";"672";"701";"51";"701";"51";"ANA";"False"
"4";"ARE";"A";"TEL-GTW-VHF_ARE_ControlOne";"TEL-GTW-VHF_ARE_ControlOne";"12199";"673";"901";"51";"901";"51";"ARE";"False"
"5";"ASS";"A";"TEL-GTW-VHF_ASS_ControlOne";"TEL-GTW-VHF_ASS_ControlOne";"16890";"6941";"1101";"51";"1101";"51";"ASS";"False"
"6";"ATL2";"A";"TEL-GTW-VHF_ATL2_ControlOne";"TEL-GTW-VHF_ATL2_ControlOne";"12198";"674";"1301";"51";"1301";"51";"ATL2";"False"
"7";"BIG";"B";"TEL-GTW-VHF_BIG_ControlOne";"TEL-GTW-VHF_BIG_ControlOne";"12197";"675";"1501";"51";"1501";"51";"BIG";"False"
"8";"BLU";"B";"TEL-GTW-VHF_BLU_ControlOne";"TEL-GTW-VHF_BLU_ControlOne";"12196";"676";"1701";"51";"1701";"51";"BLU";"False"
"9";"CAM3";"C";"TEL-GTW-VHF_CAM3_ControlOne";"TEL-GTW-VHF_CAM3_ControlOne";"12195";"677";"101";"151";"101";"151";"CAM3";"False"
"10";"CAN";"C";"TEL-GTW-VHF_CAN_ControlOne";"TEL-GTW-VHF_CAN_ControlOne";"12194";"678";"301";"151";"301";"151";"CAN";"False"
"11";"CAX";"C";"TEL-GTW-VHF_CAX_ControlOne";"TEL-GTW-VHF_CAX_ControlOne";"12191";"681";"501";"151";"501";"151";"CAX";"False"
"12";"CAX5";"C";"TEL-GTW-VHF_CAX5_ControlOne";"TEL-GTW-VHF_CAX5_ControlOne";"12193";"679";"701";"151";"701";"151";"CAX5";"False"
"13";"CAX6";"C";"TEL-GTW-VHF_CAX6_ControlOne";"TEL-GTW-VHF_CAX6_ControlOne";"12192";"680";"901";"151";"901";"151";"CAX6";"False"
"14";"CBA";"C";"TEL-GTW-VHF_CBA_ControlOne";"TEL-GTW-VHF_CBA_ControlOne";"12190";"682";"1101";"151";"1101";"151";"CBA";"False"
"15";"CCH";"C";"TEL-GTW-VHF_CCH_ControlOne";"TEL-GTW-VHF_CCH_ControlOne";"12189";"683";"1301";"151";"1301";"151";"CCH";"False"
"16";"CGR";"C";"TEL-GTW-VHF_CGR_ControlOne";"TEL-GTW-VHF_CGR_ControlOne";"12188";"684";"1501";"151";"1501";"151";"CGR";"False"
"17";"CMO";"C";"TEL-GTW-VHF_CMO_ControlOne";"TEL-GTW-VHF_CMO_ControlOne";"12187";"685";"1701";"151";"1701";"151";"CMO";"False"
"18";"CNG2";"C";"TEL-GTW-VHF_CNG2_ControlOne";"TEL-GTW-VHF_CNG2_ControlOne";"19964";"10449";"101";"251";"101";"251";"CNG2";"False"
"19";"CNO";"C";"TEL-GTW-VHF_CNO_ControlOne";"TEL-GTW-VHF_CNO_ControlOne";"12185";"687";"301";"251";"301";"251";"CNO";"False"
"20";"CTA";"C";"TEL-GTW-VHF_CTA_ControlOne";"TEL-GTW-VHF_CTA_ControlOne";"19965";"10450";"501";"251";"501";"251";"CTA";"False"
"21";"CVO";"C";"TEL-GTW-VHF_CVO_ControlOne";"TEL-GTW-VHF_CVO_ControlOne";"19966";"10451";"701";"251";"701";"251";"CVO";"False"
"22";"DOU";"D";"TEL-GTW-VHF_DOU_ControlOne";"TEL-GTW-VHF_DOU_ControlOne";"12182";"688";"901";"251";"901";"251";"DOU";"False"
"23";"DOU_MAR";"D";"TEL-GTW-VHF_DOU_MAR_ControlOne";"TEL-GTW-VHF_DOU_MAR_ControlOne";"12184";"689";"1101";"251";"1101";"251";"DOU_MAR";"False"
"24";"DOU_RBT";"D";"TEL-GTW-VHF_DOU_RBT_ControlOne";"TEL-GTW-VHF_DOU_RBT_ControlOne";"12183";"690";"1301";"251";"1301";"251";"DOU_RBT";"False"
"25";"FCO";"F";"TEL-GTW-VHF_FCO_ControlOne";"TEL-GTW-VHF_FCO_ControlOne";"12181";"691";"1701";"251";"1701";"251";"FCO";"False"
"26";"GAS2-525";"G";"TEL-GTW-VHF_GAS2-525_ControlOne";"TEL-GTW-VHF_GAS2-525_ControlOne";"19967";"10452";"101";"351";"101";"351";"GAS2-525";"False"
"27";"GRA";"G";"TEL-GTW-VHF_GRA_ControlOne";"TEL-GTW-VHF_GRA_ControlOne";"12179";"693";"301";"351";"301";"351";"GRA";"False"
"28";"GRA3";"G";"TEL-GTW-VHF_GRA3_ControlOne";"TEL-GTW-VHF_GRA3_ControlOne";"12180";"692";"501";"351";"501";"351";"GRA3";"False"
"29";"GRT";"G";"TEL-GTW-VHF_GRT_ControlOne";"TEL-GTW-VHF_GRT_ControlOne";"12178";"694";"701";"351";"701";"351";"GRT";"False"
"30";"GUA";"G";"TEL-GTW-VHF_GUA_ControlOne";"TEL-GTW-VHF_GUA_ControlOne";"12177";"695";"901";"351";"901";"351";"GUA";"False"
"31";"GUO";"G";"TEL-GTW-VHF_GUO_ControlOne";"TEL-GTW-VHF_GUO_ControlOne";"12176";"696";"1101";"351";"1101";"351";"GUO";"False"
"32";"IJU2";"I";"TEL-GTW-VHF_IJU2_ControlOne";"TEL-GTW-VHF_IJU2_ControlOne";"12175";"697";"1301";"351";"1301";"351";"IJU2";"False"
"33";"IRN";"I";"TEL-GTW-VHF_IRN_ControlOne";"TEL-GTW-VHF_IRN_ControlOne";"12174";"698";"1501";"351";"1501";"351";"IRN";"False"
"34";"ITJ";"I";"TEL-GTW-VHF_ITJ_ControlOne";"TEL-GTW-VHF_ITJ_ControlOne";"12173";"699";"1701";"351";"1701";"351";"ITJ";"False"
"35";"ITR";"I";"TEL-GTW-VHF_ITR_ControlOne";"TEL-GTW-VHF_ITR_ControlOne";"16891";"6942";"101";"451";"101";"451";"ITR";"False"
"36";"IVP";"I";"TEL-GTW-VHF_IVP_ControlOne";"TEL-GTW-VHF_IVP_ControlOne";"12172";"700";"301";"451";"301";"451";"IVP";"False"
"37";"JAS";"J";"TEL-GTW-VHF_JAS_ControlOne";"TEL-GTW-VHF_JAS_ControlOne";"16834";"6725";"501";"451";"501";"451";"JAS";"False"
"38";"JLB";"J";"TEL-GTW-VHF_JLB_ControlOne";"TEL-GTW-VHF_JLB_ControlOne";"15998";"4644";"701";"451";"701";"451";"JLB";"False"
"39";"JNO";"J";"TEL-GTW-VHF_JNO_ControlOne";"TEL-GTW-VHF_JNO_ControlOne";"12171";"701";"901";"451";"901";"451";"JNO";"False"
"40";"JOI";"J";"TEL-GTW-VHF_JOI_ControlOne";"TEL-GTW-VHF_JOI_ControlOne";"12170";"702";"1101";"451";"1101";"451";"JOI";"False"
"41";"JSU";"J";"TEL-GTW-VHF_JSU_ControlOne";"TEL-GTW-VHF_JSU_ControlOne";"19968";"10453";"1301";"451";"1301";"451";"JSU";"False"
"42";"LAR";"L";"TEL-GTW-VHF_LAR_ControlOne";"TEL-GTW-VHF_LAR_ControlOne";"12169";"703";"1501";"451";"1501";"451";"LAR";"False"
"43";"LGR";"L";"TEL-GTW-VHF_LGR_ControlOne";"TEL-GTW-VHF_LGR_ControlOne";"12168";"704";"1701";"451";"1701";"451";"LGR";"False"
"44";"LIV3";"L";"TEL-GTW-VHF_LIV3_ControlOne";"TEL-GTW-VHF_LIV3_ControlOne";"19969";"10454";"101";"551";"101";"551";"LIV3";"False"
"45";"LNS";"L";"TEL-GTW-VHF_LNS_ControlOne";"TEL-GTW-VHF_LNS_ControlOne";"12167";"705";"301";"551";"301";"551";"LNS";"False"
"46";"LON";"L";"TEL-GTW-VHF_LON_ControlOne";"TEL-GTW-VHF_LON_ControlOne";"12166";"706";"701";"551";"701";"551";"LON";"False"
"47";"MCH";"M";"TEL-GTW-VHF_MCH_ControlOne";"TEL-GTW-VHF_MCH_ControlOne";"12165";"707";"901";"551";"901";"551";"MCH";"False"
"48";"MCL";"M";"TEL-GTW-VHF_MCL_ControlOne";"TEL-GTW-VHF_MCL_ControlOne";"12164";"708";"1101";"551";"1101";"551";"MCL";"False"
"49";"MIM";"M";"TEL-GTW-VHF_MIM_ControlOne";"TEL-GTW-VHF_MIM_ControlOne";"12163";"709";"1301";"551";"1301";"551";"MIM";"False"
"50";"MIS";"M";"TEL-GTW-VHF_MIS_ControlOne";"TEL-GTW-VHF_MIS_ControlOne";"12162";"710";"1501";"551";"1501";"551";"MIS";"False"
"51";"MRO2";"M";"TEL-GTW-VHF_MRO2_ControlOne";"TEL-GTW-VHF_MRO2_ControlOne";"12161";"711";"1701";"551";"1701";"551";"MRO2";"False"
"52";"NPE2";"N";"TEL-GTW-VHF_NPE2_ControlOne";"TEL-GTW-VHF_NPE2_ControlOne";"12160";"712";"101";"651";"101";"651";"NPE2";"False"
"53";"NSR";"N";"TEL-GTW-VHF_NSR_ControlOne";"TEL-GTW-VHF_NSR_ControlOne";"12159";"713";"301";"651";"301";"651";"NSR";"False"
"54";"OSO2";"O";"TEL-GTW-VHF_OSO2_ControlOne";"TEL-GTW-VHF_OSO2_ControlOne";"12158";"714";"501";"651";"501";"651";"OSO2";"False"
"55";"PAL";"P";"TEL-GTW-VHF_PAL_ControlOne";"TEL-GTW-VHF_PAL_ControlOne";"12157";"715";"701";"651";"701";"651";"PAL";"False"
"56";"PFU";"P";"TEL-GTW-VHF_PFU_ControlOne";"TEL-GTW-VHF_PFU_ControlOne";"12155";"717";"901";"651";"901";"651";"PFU";"False"
"57";"PGR";"P";"TEL-GTW-VHF_PGR_ControlOne";"TEL-GTW-VHF_PGR_ControlOne";"12154";"718";"1101";"651";"1101";"651";"PGR";"False"
"58";"PIN2";"P";"TEL-GTW-VHF_PIN2_ControlOne";"TEL-GTW-VHF_PIN2_ControlOne";"12153";"719";"1301";"651";"1301";"651";"PIN2";"False"
"59";"PNO";"P";"TEL-GTW-VHF_PNO_ControlOne";"TEL-GTW-VHF_PNO_ControlOne";"12202";"720";"1501";"651";"1501";"651";"PNO";"False"
"60";"QUI";"Q";"TEL-GTW-VHF_QUI_ControlOne";"TEL-GTW-VHF_QUI_ControlOne";"19970";"10455";"1701";"651";"1701";"651";"QUI";"False"
"61";"SDI";"S";"TEL-GTW-VHF_SDI_ControlOne";"TEL-GTW-VHF_SDI_ControlOne";"12203";"721";"101";"751";"101";"751";"SDI";"False"
"62";"SID";"S";"TEL-GTW-VHF_SID_ControlOne";"TEL-GTW-VHF_SID_ControlOne";"19971";"10456";"301";"751";"301";"751";"SID";"False"
"63";"SMA3";"S";"TEL-GTW-VHF_SMA3_ControlOne";"TEL-GTW-VHF_SMA3_ControlOne";"19972";"10457";"501";"751";"501";"751";"SMA3";"False"
"64";"SOS";"S";"TEL-GTW-VHF_SOS_ControlOne";"TEL-GTW-VHF_SOS_ControlOne";"12204";"722";"701";"751";"701";"751";"SOS";"False"
"65";"SPA2";"S";"TEL-GTW-VHF_SPA2_ControlOne";"TEL-GTW-VHF_SPA2_ControlOne";"12205";"723";"901";"751";"901";"751";"SPA2";"False"
"66";"SSA";"S";"TEL-GTW-VHF_SSA_ControlOne";"TEL-GTW-VHF_SSA_ControlOne";"12206";"724";"1101";"751";"1101";"751";"SSA";"False"
"67";"STA";"S";"TEL-GTW-VHF_STA_ControlOne";"TEL-GTW-VHF_STA_ControlOne";"12207";"725";"1301";"751";"1301";"751";"STA";"False"
"68";"TPR2";"T";"TEL-GTW-VHF_TPR2_ControlOne";"TEL-GTW-VHF_TPR2_ControlOne";"12208";"726";"1501";"751";"1501";"751";"TPR2";"False"
"69";"UHBC";"U";"TEL-GTW-VHF_UHBC_ControlOne";"TEL-GTW-VHF_UHBC_ControlOne";"12209";"727";"1701";"751";"1701";"751";"UHBC";"False"
"70";"UHJB";"U";"TEL-GTW-VHF_UHJB_ControlOne";"TEL-GTW-VHF_UHJB_ControlOne";"12210";"728";"101";"851";"101";"851";"UHJB";"False"
"71";"UHPJ";"U";"TEL-GTW-VHF_UHPJ_ControlOne";"TEL-GTW-VHF_UHPJ_ControlOne";"12211";"729";"301";"851";"301";"851";"UHPJ";"False"
"72";"UHSD";"U";"TEL-GTW-VHF_UHSD_ControlOne";"TEL-GTW-VHF_UHSD_ControlOne";"12212";"730";"501";"851";"501";"851";"UHSD";"False"
"73";"VMT";"V";"TEL-GTW-VHF_VMT_ControlOne";"TEL-GTW-VHF_VMT_ControlOne";"12213";"731";"701";"851";"701";"851";"VMT";"False"
"74";"XAN";"X";"TEL-GTW-VHF_XAN_ControlOne";"TEL-GTW-VHF_XAN_ControlOne";"12214";"732";"901";"851";"901";"851";"XAN";"False"
"75";"YTA";"Y";"TEL-GTW-VHF_YTA_ControlOne";"TEL-GTW-VHF_YTA_ControlOne";"12215";"733";"1101";"851";"1101";"851";"YTA";"False"
